{
  "XYZs" : [0.525731,0.0,0.850651,-0.525731,0.0,0.850651,-0.525731,0.0,-0.850651,0.525731,0.0,-0.850651,0.850651,-0.525731,0.0,0.850651,0.525731,0.0,-0.850651,0.525731,0.0,-0.850651,
-0.525731,0.0,0.0,-0.850651,0.525731,0.0,0.850651,0.525731,0.0,0.850651,-0.525731,0.0,-0.850651,-0.525731,-0.5,-0.809017,0.309017,-0.309017,-0.5,0.809017,-0.809017,-0.309017,0.5,0.309017,
-0.5,-0.809017,0.809017,-0.309017,-0.5,0.5,-0.809017,-0.309017,-0.309017,0.5,-0.809017,-0.809017,0.309017,-0.5,-0.5,0.809017,-0.309017,0.809017,0.309017,0.5,0.5,0.809017,0.309017,0.309017,
0.5,0.809017,-0.809017,-0.309017,-0.5,-0.309017,-0.5,-0.809017,-0.5,-0.809017,-0.309017,-0.309017,0.5,0.809017,-0.5,0.809017,0.309017,-0.809017,0.309017,0.5,0.5,-0.809017,0.309017,0.809017,
-0.309017,0.5,0.309017,-0.5,0.809017,0.309017,0.5,-0.809017,0.5,0.809017,-0.309017,0.809017,0.309017,-0.5,-1.0,0.0,0.0,0.0,-1.0,0.0,0.0,0.0,1.0,0.0,0.0,-1.0,1.0,0.0,0.0,0.0,1.0,0.0
],
  "trianglesNormals" : [-0.748783,-0.583129,0.315094,-0.315094,-0.748783,0.583129,-0.583129,-0.315094,0.748783,-0.57735,-0.57735,0.57735,0.315094,-0.748783,-0.583129,0.583129,-0.315094,
-0.748783,0.748783,-0.583129,-0.315094,0.57735,-0.57735,-0.57735,-0.315094,0.748783,-0.583129,-0.583129,0.315094,-0.748783,-0.748783,0.583129,-0.315094,-0.57735,0.57735,-0.57735,0.583129,
0.315094,0.748783,0.748783,0.583129,0.315094,0.315094,0.748783,0.583129,0.57735,0.57735,0.57735,-0.748783,-0.583129,-0.315094,-0.583129,-0.315094,-0.748783,-0.315094,-0.748783,-0.583129,
-0.57735,-0.57735,-0.57735,-0.583129,0.315094,0.748783,-0.315094,0.748783,0.583129,-0.748783,0.583129,0.315094,-0.57735,0.57735,0.57735,0.315094,-0.748783,0.583129,0.748783,-0.583129,
0.315094,0.583129,-0.315094,0.748783,0.57735,-0.57735,0.57735,0.583129,0.315094,-0.748783,0.315094,0.748783,-0.583129,0.748783,0.583129,-0.315094,0.57735,0.57735,-0.57735,-0.943522,
0.268035,0.194739,-0.943522,-0.268035,0.194739,-0.777868,0.0,0.628428,-0.934172,0.0,0.356822,-0.194739,-0.943522,-0.268035,-0.194739,-0.943522,0.268035,-0.628428,-0.777868,0.0,-0.356822,
-0.934172,0.0,0.268035,-0.194739,0.943522,-0.268035,-0.194739,0.943522,0.0,-0.628428,0.777868,0.0,-0.356822,0.934172,0.194739,-0.943522,0.268035,0.194739,-0.943522,-0.268035,0.628428,
-0.777868,0.0,0.356822,-0.934172,0.0,-0.268035,-0.194739,-0.943522,0.268035,-0.194739,-0.943522,0.0,-0.628428,-0.777868,0.0,-0.356822,-0.934172,0.943522,0.268035,-0.194739,0.943522,
-0.268035,-0.194739,0.777868,0.0,-0.628428,0.934172,0.0,-0.356822,-0.943522,0.268035,-0.194739,-0.777868,0.0,-0.628428,-0.943522,-0.268035,-0.194739,-0.934172,-0.0,-0.356822,-0.194739,
0.943522,-0.268035,-0.628428,0.777868,0.0,-0.194739,0.943522,0.268035,-0.356822,0.934172,0.0,-0.268035,0.194739,-0.943522,0.0,0.628428,-0.777868,0.268035,0.194739,-0.943522,0.0,0.356822,
-0.934172,0.0,0.628428,0.777868,-0.268035,0.194739,0.943522,0.268035,0.194739,0.943522,-0.0,0.356822,0.934172,0.943522,-0.268035,0.194739,0.943522,0.268035,0.194739,0.777868,0.0,0.628428,
0.934172,0.0,0.356822,0.194739,0.943522,-0.268035,0.194739,0.943522,0.268035,0.628428,0.777868,0.0,0.356822,0.934172,0.0
],
  "trianglesIndices" : [7,12,14,8,13,12,1,14,13,12,13,14,11,15,17,3,16,15,4,17,16,15,16,17,10,18,20,2,19,18,6,20,19,18,19,20,0,21,23,5,22,21,9,23,22,21,22,23,7,24,26,2,25,24,11,26,25,
24,25,26,1,27,29,9,28,27,6,29,28,27,28,29,8,30,32,4,31,30,0,32,31,30,31,32,3,33,35,10,34,33,5,35,34,33,34,35,6,36,29,7,14,36,1,29,14,36,14,29,11,37,26,8,12,37,7,26,12,37,12,26,0,38,
32,1,13,38,8,32,13,38,13,32,8,37,30,11,17,37,4,30,17,37,17,30,2,39,25,3,15,39,11,25,15,39,15,25,5,40,35,4,16,40,3,35,16,40,16,35,6,19,36,2,24,19,7,36,24,19,24,36,10,20,41,6,28,20,9,
41,28,20,28,41,2,18,39,10,33,18,3,39,33,18,33,39,9,27,23,1,38,27,0,23,38,27,38,23,4,40,31,5,21,40,0,31,21,40,21,31,10,41,34,9,22,41,5,34,22,41,22,34
]
}
