{
  "XYZs" : [0.525731,0.0,0.850651,-0.525731,0.0,0.850651,-0.525731,0.0,-0.850651,0.525731,0.0,-0.850651,0.850651,-0.525731,0.0,0.850651,0.525731,0.0,-0.850651,0.525731,0.0,-0.850651,
-0.525731,0.0,0.0,-0.850651,0.525731,0.0,0.850651,0.525731,0.0,0.850651,-0.525731,0.0,-0.850651,-0.525731
],
  "trianglesNormals" : [-0.57735,-0.57735,0.57735,0.57735,-0.57735,-0.57735,-0.57735,0.57735,-0.57735,0.57735,0.57735,0.57735,-0.57735,-0.57735,-0.57735,-0.57735,0.57735,0.57735,0.57735,
-0.57735,0.57735,0.57735,0.57735,-0.57735,-0.934172,0.0,0.356822,-0.356822,-0.934172,0.0,0.0,-0.356822,0.934172,0.356822,-0.934172,0.0,0.0,-0.356822,-0.934172,0.934172,0.0,-0.356822,
-0.934172,-0.0,-0.356822,-0.356822,0.934172,0.0,0.0,0.356822,-0.934172,0.0,0.356822,0.934172,0.934172,-0.0,0.356822,0.356822,0.934172,-0.0
],
  "trianglesIndices" : [7,8,1,11,3,4,10,2,6,0,5,9,7,2,11,1,9,6,8,4,0,3,10,5,6,7,1,11,8,7,0,1,8,8,11,4,2,3,11,5,4,3,6,2,7,10,6,9,2,10,3,9,1,0,4,5,0,10,9,5
]
}
