{
  "trianglesFaceXYZs" : [-0.850651,-0.525731,0.0,0.0,-0.850651,0.525731,-0.525731,0.0,0.850651,0.0,-0.850651,-0.525731,0.525731,0.0,-0.850651,0.850651,-0.525731,0.0,0.0,0.850651,-0.525731,
-0.525731,0.0,-0.850651,-0.850651,0.525731,0.0,0.525731,0.0,0.850651,0.850651,0.525731,0.0,0.0,0.850651,0.525731,-0.850651,-0.525731,0.0,-0.525731,0.0,-0.850651,0.0,-0.850651,-0.525731,
-0.525731,0.0,0.850651,0.0,0.850651,0.525731,-0.850651,0.525731,0.0,0.0,-0.850651,0.525731,0.850651,-0.525731,0.0,0.525731,0.0,0.850651,0.525731,0.0,-0.850651,0.0,0.850651,-0.525731,
0.850651,0.525731,0.0,-0.850651,0.525731,0.0,-0.850651,-0.525731,0.0,-0.525731,0.0,0.850651,0.0,-0.850651,-0.525731,0.0,-0.850651,0.525731,-0.850651,-0.525731,0.0,0.525731,0.0,0.850651,
-0.525731,0.0,0.850651,0.0,-0.850651,0.525731,0.0,-0.850651,0.525731,0.0,-0.850651,-0.525731,0.850651,-0.525731,0.0,-0.525731,0.0,-0.850651,0.525731,0.0,-0.850651,0.0,-0.850651,-0.525731,
0.850651,0.525731,0.0,0.850651,-0.525731,0.0,0.525731,0.0,-0.850651,-0.850651,0.525731,0.0,-0.525731,0.0,-0.850651,-0.850651,-0.525731,0.0,0.0,0.850651,-0.525731,-0.850651,0.525731,
0.0,0.0,0.850651,0.525731,-0.525731,0.0,-0.850651,0.0,0.850651,-0.525731,0.525731,0.0,-0.850651,0.0,0.850651,0.525731,-0.525731,0.0,0.850651,0.525731,0.0,0.850651,0.850651,-0.525731,
0.0,0.850651,0.525731,0.0,0.525731,0.0,0.850651,0.0,0.850651,-0.525731,0.0,0.850651,0.525731,0.850651,0.525731,0.0
],
  "trianglesFaceNormals" : [-0.57735,-0.57735,0.57735,-0.57735,-0.57735,0.57735,-0.57735,-0.57735,0.57735,0.57735,-0.57735,-0.57735,0.57735,-0.57735,-0.57735,0.57735,-0.57735,-0.57735,
-0.57735,0.57735,-0.57735,-0.57735,0.57735,-0.57735,-0.57735,0.57735,-0.57735,0.57735,0.57735,0.57735,0.57735,0.57735,0.57735,0.57735,0.57735,0.57735,-0.57735,-0.57735,-0.57735,-0.57735,
-0.57735,-0.57735,-0.57735,-0.57735,-0.57735,-0.57735,0.57735,0.57735,-0.57735,0.57735,0.57735,-0.57735,0.57735,0.57735,0.57735,-0.57735,0.57735,0.57735,-0.57735,0.57735,0.57735,-0.57735,
0.57735,0.57735,0.57735,-0.57735,0.57735,0.57735,-0.57735,0.57735,0.57735,-0.57735,-0.934172,0.0,0.356822,-0.934172,0.0,0.356822,-0.934172,0.0,0.356822,-0.356822,-0.934172,0.0,-0.356822,
-0.934172,0.0,-0.356822,-0.934172,0.0,0.0,-0.356822,0.934172,0.0,-0.356822,0.934172,0.0,-0.356822,0.934172,0.356822,-0.934172,0.0,0.356822,-0.934172,0.0,0.356822,-0.934172,0.0,0.0,-0.356822,
-0.934172,0.0,-0.356822,-0.934172,0.0,-0.356822,-0.934172,0.934172,0.0,-0.356822,0.934172,0.0,-0.356822,0.934172,0.0,-0.356822,-0.934172,-0.0,-0.356822,-0.934172,-0.0,-0.356822,-0.934172,
-0.0,-0.356822,-0.356822,0.934172,0.0,-0.356822,0.934172,0.0,-0.356822,0.934172,0.0,0.0,0.356822,-0.934172,0.0,0.356822,-0.934172,0.0,0.356822,-0.934172,0.0,0.356822,0.934172,0.0,0.356822,
0.934172,0.0,0.356822,0.934172,0.934172,-0.0,0.356822,0.934172,-0.0,0.356822,0.934172,-0.0,0.356822,0.356822,0.934172,-0.0,0.356822,0.934172,-0.0,0.356822,0.934172,-0.0
],
  "trianglesFaceIndices" : [0,1,2,3,4,5,6,7,8,9,10,11,12,13,14,15,16,17,18,19,20,21,22,23,24,25,26,27,28,29,30,31,32,33,34,35,36,37,38,39,40,41,42,43,44,45,46,47,48,49,50,51,52,53,54,
55,56,57,58,59
],
  "stripVertexXYZs" : [0.525731,0.0,0.850651,-0.525731,0.0,0.850651,-0.525731,0.0,-0.850651,0.525731,0.0,-0.850651,0.850651,-0.525731,0.0,0.850651,0.525731,0.0,-0.850651,0.525731,0.0,
-0.850651,-0.525731,0.0,0.0,-0.850651,0.525731,0.0,0.850651,0.525731,0.0,0.850651,-0.525731,0.0,-0.850651,-0.525731
],
  "edgeStripIndices" : [0,1,9,0,8,1,6,9,5,0,4,8,7,1,7,6,10,9,10,5,4,11,8,11,7,2,6,2,10,3,5,3,4,3,11,2
],
  "faceStripIndices" : [9,1,0,8,4,11,3,2,10,6,9,1,1,6,7,2,11,11,7,8,1,1,9,9,5,0,4,4,5,3,10,10,5,9
]
}
