{
  "XYZs" : [0.525731,0.0,0.850651,-0.525731,0.0,0.850651,-0.525731,0.0,-0.850651,0.525731,0.0,-0.850651,0.850651,-0.525731,0.0,0.850651,0.525731,0.0,-0.850651,0.525731,0.0,-0.850651,
-0.525731,0.0,0.0,-0.850651,0.525731,0.0,0.850651,0.525731,0.0,0.850651,-0.525731,0.0,-0.850651,-0.525731,-0.525731,0.0,0.850651,-0.525731,0.0,-0.850651,-0.850651,-0.525731,0.0
],
  "trianglesIndices" : [7,8,12,11,3,4,10,2,6,0,5,9,7,13,11,1,9,6,8,4,0,3,10,5,6,14,1,11,8,7,0,12,8,8,11,4,13,3,11,5,4,3,6,2,14,10,6,9,2,10,3,9,1,0,4,5,0,10,9,5
],
  "trianglesUVs" : [0.5,0.823792,1.0,0.823792,1.0,0.176208,0.5,0.176208,0.411896,0.5,0.588104,0.5,0.911896,0.5,0.088104,0.5,0.25,0.676208,0.75,0.676208,0.75,0.323792,0.25,0.323792,0.0,
0.823792,0.0,0.176208,1.088104,0.5
],
  "linesIndices" : [0,1,1,9,0,9,8,1,8,0,1,6,0,5,7,1,4,0,9,6,5,9,7,8,8,4,10,9,6,7,5,4,11,8,10,6,10,5,7,11,11,4,2,6,3,5,7,2,3,4,10,2,3,10,2,11,11,3,2,3
],
  "earthElevations" : [-138,-1496,-1842,-4050,-4189,1188,-4300,-4297,118,4780,-3729,-3155
]
}
