{
  "XYZs" : [0.525731,0.0,0.850651,-0.525731,0.0,0.850651,-0.525731,0.0,-0.850651,0.525731,0.0,-0.850651,0.850651,-0.525731,0.0,0.850651,0.525731,0.0,-0.850651,0.525731,0.0,-0.850651,
-0.525731,0.0,0.0,-0.850651,0.525731,0.0,0.850651,0.525731,0.0,0.850651,-0.525731,0.0,-0.850651,-0.525731,-0.5,-0.809017,0.309017,-0.309017,-0.5,0.809017,-0.809017,-0.309017,0.5,0.309017,
-0.5,-0.809017,0.809017,-0.309017,-0.5,0.5,-0.809017,-0.309017,-0.309017,0.5,-0.809017,-0.809017,0.309017,-0.5,-0.5,0.809017,-0.309017,0.809017,0.309017,0.5,0.5,0.809017,0.309017,0.309017,
0.5,0.809017,-0.809017,-0.309017,-0.5,-0.309017,-0.5,-0.809017,-0.5,-0.809017,-0.309017,-0.309017,0.5,0.809017,-0.5,0.809017,0.309017,-0.809017,0.309017,0.5,0.5,-0.809017,0.309017,0.809017,
-0.309017,0.5,0.309017,-0.5,0.809017,0.309017,0.5,-0.809017,0.5,0.809017,-0.309017,0.809017,0.309017,-0.5,-1.0,0.0,0.0,0.0,-1.0,0.0,0.0,0.0,1.0,0.0,0.0,-1.0,1.0,0.0,0.0,0.0,1.0,0.0,
-0.525731,0.0,0.850651,-0.525731,0.0,-0.850651,-1.0,0.0,0.0,-0.809017,-0.309017,0.5,-0.809017,-0.309017,-0.5
],
  "trianglesIndices" : [7,12,14,8,13,12,42,14,13,12,13,14,11,15,17,3,16,15,4,17,16,15,16,17,10,18,20,2,19,18,6,20,19,18,19,20,0,21,23,5,22,21,9,23,22,21,22,23,7,24,26,43,25,24,11,26,
25,24,25,26,1,27,29,9,28,27,6,29,28,27,28,29,8,30,32,4,31,30,0,32,31,30,31,32,3,33,35,10,34,33,5,35,34,33,34,35,6,36,29,7,14,44,1,29,45,36,45,29,11,37,26,8,12,37,7,26,12,37,12,26,0,
38,32,42,13,38,8,32,13,38,13,32,8,37,30,11,17,37,4,30,17,37,17,30,43,39,25,3,15,39,11,25,15,39,15,25,5,40,35,4,16,40,3,35,16,40,16,35,6,19,36,2,46,19,7,44,24,19,46,36,10,20,41,6,28,
20,9,41,28,20,28,41,2,18,39,10,33,18,3,39,33,18,33,39,9,27,23,1,38,27,0,23,38,27,38,23,4,40,31,5,21,40,0,31,21,40,21,31,10,41,34,9,22,41,5,34,22,41,22,34
],
  "trianglesUVs" : [0.5,0.823792,1.0,0.823792,1.0,0.176208,0.5,0.176208,0.411896,0.5,0.588104,0.5,0.911896,0.5,0.088104,0.5,0.25,0.676208,0.75,0.676208,0.75,0.323792,0.25,0.323792,0.161896,
0.6,0.161896,0.8,0.05807,0.666667,0.338104,0.2,0.44193,0.333333,0.338104,0.4,0.838104,0.2,0.94193,0.333333,0.838104,0.4,0.55807,0.666667,0.661896,0.6,0.661896,0.8,0.05807,0.333333,0.161896,
0.2,0.161896,0.4,0.838104,0.8,0.838104,0.6,0.94193,0.666667,0.338104,0.6,0.44193,0.666667,0.338104,0.8,0.661896,0.2,0.661896,0.4,0.55807,0.333333,1.0,0.5,0.25,0.5,0.5,1.0,0.5,0.0,0.5,
0.5,0.75,0.5,0.0,0.823792,0.0,0.176208,0.0,0.5,1.05807,0.666667,1.05807,0.333333
],
  "linesIndices" : [1,38,0,38,38,27,23,38,13,38,38,32,1,27,0,23,1,13,0,32,27,23,32,13,1,29,0,21,1,14,0,31,9,27,9,23,8,13,8,32,27,29,21,23,14,13,32,31,28,27,23,22,13,12,30,32,29,14,31,
21,9,28,9,22,8,12,8,30,29,28,22,21,12,14,31,30,9,41,8,37,6,29,5,21,36,29,21,40,14,36,40,31,7,14,4,31,41,28,22,41,6,28,5,22,7,12,4,30,12,37,37,30,28,20,34,22,6,36,5,40,7,36,4,40,26,12,
30,17,20,41,41,34,6,20,5,34,7,26,4,17,37,26,17,37,6,19,5,35,19,36,40,35,36,24,16,40,7,24,4,16,10,41,11,37,20,19,35,34,24,26,17,16,10,20,10,34,11,26,11,17,24,19,35,16,18,20,34,33,26,
25,15,17,19,18,33,35,25,24,16,15,10,18,10,33,11,25,11,15,2,19,3,35,2,24,3,16,33,18,25,15,2,18,3,33,2,25,3,15,18,39,39,33,39,25,15,39,2,39,3,39
],
  "earthElevations" : [-138,-1496,-1842,-4054,-4189,1188,-4300,-4297,118,4780,-3702,-3155,-4104,690,-5823,-230,-4589,188,-4228,-1320,-37,-20,-3297,608,-5367,-2996,-3765,800,98,-5798,
-5602,-4859,131,-4895,-3700,878,-2097,-911,-4229,0,-4942,-4145
]
}
